taskID,trialIndex,trialStart,trialEnd,RT,choice,correct,direction,coherence,randSeedBase,fixationOn,fixationStart,targetOn,dotsOn,finalCPTime,dotsOff,choiceTime,blankScreen,feedbackOn,reversal,duration,finalDuration
1,1,3905.237928942,3912.758941428,1.15764346031665,0,1,180,55,1,0.665193528527197,3.35554756100009,4.17300638661663,4.35674896489718,NaN,4.57389928468365,5.7315427450003,3912.73576048243,NaN,0,0.3,
1,2,3913.777006834,3917.117561985,0.0600266248220578,0,1,180,55,1,0.11106684286915,0.73651377349961,1.2469300540597,1.64782295212717,NaN,1.94849262567777,2.00851925049983,3917.09547074891,NaN,0,0.3,
1,3,3918.133360519,3921.33950687,0.41668866567079,0,1,180,55,1,0.064351332093338,0.476164924000386,0.983064223497877,1.16680680177888,NaN,1.46747647532948,1.88416514100027,3921.32155004937,NaN,0,0.3,
1,4,3922.350745494,3926.012482852,0.361410427626652,0,1,180,55,1,0.0564454133004801,0.434764673500013,0.941750563199093,1.6600170055699,NaN,1.97739054987323,2.33880097749989,3925.99863386015,NaN,0,0.3,
1,5,3927.026110724,3930.488271906,0.382850299879919,0,1,180,55,1,0.0575490015867217,0.703486206500202,1.2268199542832,1.44397027406967,NaN,1.74463994762027,2.12749024750019,3930.45856735115,NaN,0,0.3,
